{"sending_time": 0.0022439956665039062, "first_response": 1.1675596237182617, "stt_time": 0.37897443771362305, "ttt_times": [0.9547762870788574, 5.2928924560546875e-05], "tts_times": [0.20824241638183594], "total_time": 1.546750545501709}