{"sending_time": 0.02703547477722168, "first_response": 9.31467080116272, "stt_time": 0.6299638748168945, "ttt_times": [1.6264488697052002, 7.438203573226929, 2.840944528579712, 2.7117135524749756, 5.3920793533325195, 5.787483215332031, 3.1234514713287354, 5.744518280029297, 0.08511996269226074, 0.0018875598907470703], "tts_times": [0.19594740867614746, 0.9035909175872803, 0.2521343231201172, 0.23663115501403809, 0.3216094970703125, 0.3229985237121582, 0.21181750297546387, 0.4346749782562256, 0.0002894401550292969], "total_time": 38.317115783691406}