{"sending_time": 0.016813039779663086, "first_response": 2.742110013961792, "stt_time": 0.38294196128845215, "ttt_times": [2.384255886077881, 7.271766662597656e-05], "tts_times": [0.324155330657959], "total_time": 3.1252965927124023}