{"sending_time": 0.0322263240814209, "first_response": 8.533032894134521, "stt_time": 0.753105640411377, "ttt_times": [0.3021049499511719, 3.80704402923584, 0.26830363273620605, 3.4994821548461914, 2.963693380355835, 3.2720396518707275, 2.729678153991699, 6.721980810165405, 0.0011813640594482422], "tts_times": [0.5916454792022705, 0.5014760494232178, 0.6117637157440186, 0.18538641929626465, 0.5172593593597412], "total_time": 26.79175567626953}