{"sending_time": 0.022173166275024414, "first_response": 16.797218084335327, "stt_time": 0.4872269630432129, "ttt_times": [8.533569574356079, 1.9925119876861572, 5.853002548217773, 0.0017440319061279297], "tts_times": [0.37378764152526855, 0.4707190990447998], "total_time": 17.757359504699707}