{"sending_time": 0.02212667465209961, "first_response": 5.3748085498809814, "stt_time": 0.9643845558166504, "ttt_times": [2.128063440322876, 1.0469207763671875, 1.4250531196594238, 6.0558319091796875e-05], "tts_times": [0.7304573059082031], "total_time": 6.339472770690918}