{"sending_time": 0.026999235153198242, "first_response": 0.34974145889282227, "stt_time": 1.2560062408447266, "ttt_times": [0.2956869602203369], "tts_times": [5.602836608886719e-05], "total_time": 1.6059463024139404}