{"sending_time": 0.027039289474487305, "first_response": 9.594202756881714, "stt_time": 0.47247838973999023, "ttt_times": [5.689906597137451, 3.2662971019744873, 6.927896499633789, 0.0015659332275390625], "tts_times": [0.5839204788208008, 0.34810590744018555, 0.584998607635498], "total_time": 17.92996048927307}