{"sending_time": 0.016734838485717773, "first_response": 18.65998601913452, "stt_time": 0.5952951908111572, "ttt_times": [11.123751401901245, 7.354984521865845, 4.051292419433594, 0.0036177635192871094], "tts_times": [0.1477804183959961, 0.5841381549835205, 0.22370386123657227], "total_time": 24.11873149871826}