{"sending_time": 0.02717900276184082, "first_response": 3.2287802696228027, "stt_time": 0.3713500499725342, "ttt_times": [2.8179948329925537, 0.08289575576782227, 7.104873657226562e-05], "tts_times": [0.27346062660217285], "total_time": 3.600341558456421}