{"sending_time": 0.022068023681640625, "first_response": 9.120370626449585, "stt_time": 1.1347510814666748, "ttt_times": [0.24947595596313477, 3.4658706188201904, 1.1212878227233887, 0.25529003143310547, 3.2813401222229004, 2.055368185043335, 0.9432713985443115, 3.0164124965667725, 3.501434326171875, 2.1156833171844482, 0.0018870830535888672], "tts_times": [0.702970027923584, 1.1565980911254883, 0.2834749221801758, 0.233168363571167, 0.2192211151123047], "total_time": 23.783079385757446}