{"sending_time": 0.02738666534423828, "first_response": 6.203630685806274, "stt_time": 0.43967175483703613, "ttt_times": [0.47650623321533203, 0.8889782428741455, 1.1410257816314697, 1.9549815654754639, 0.6003961563110352, 0.06964445114135742, 7.319450378417969e-05], "tts_times": [1.01725172996521], "total_time": 6.643533706665039}