{"sending_time": 0.027236461639404297, "first_response": 9.391066312789917, "stt_time": 0.5458569526672363, "ttt_times": [1.8714165687561035, 1.7550439834594727, 1.919135332107544, 3.2470574378967285, 0.004246711730957031], "tts_times": [0.5439400672912598, 0.34850120544433594], "total_time": 10.290149211883545}