{"sending_time": 0.0273745059967041, "first_response": 4.559437274932861, "stt_time": 0.4339866638183594, "ttt_times": [4.030201435089111, 0.08251452445983887, 6.723403930664062e-05], "tts_times": [0.3919050693511963], "total_time": 4.993703126907349}