{"sending_time": 0.01672673225402832, "first_response": 6.2269346714019775, "stt_time": 0.556053638458252, "ttt_times": [2.209439992904663, 3.6709601879119873, 2.5236711502075195, 6.882074594497681, 5.884923219680786, 0.0029315948486328125], "tts_times": [0.3130810260772705, 0.367323637008667, 0.2964496612548828, 0.6633741855621338, 0.2828342914581299], "total_time": 23.687746286392212}