{"sending_time": 0.03236031532287598, "first_response": 9.311288356781006, "stt_time": 0.45748019218444824, "ttt_times": [6.497464418411255, 2.198857545852661, 0.10462737083435059, 8.487701416015625e-05], "tts_times": [0.5502457618713379, 0.1632375717163086], "total_time": 10.037333250045776}