{"sending_time": 0.027270078659057617, "first_response": 3.142116069793701, "stt_time": 0.4308431148529053, "ttt_times": [1.0914299488067627, 1.7018303871154785, 8.392333984375e-05], "tts_times": [0.294231653213501], "total_time": 3.573176383972168}