{"sending_time": 0.011529207229614258, "first_response": 9.937817573547363, "stt_time": 0.4775979518890381, "ttt_times": [5.137276887893677, 4.2679150104522705, 3.2492940425872803, 3.070025682449341, 0.2681694030761719, 2.1668176651000977, 5.318639039993286, 0.0015010833740234375], "tts_times": [0.5095672607421875, 0.2891213893890381, 0.5361781120300293, 0.13177967071533203, 0.4379689693450928], "total_time": 25.885925769805908}