{"sending_time": 0.016901731491088867, "first_response": 4.2903831005096436, "stt_time": 0.39597177505493164, "ttt_times": [2.093179702758789, 1.7054672241210938, 6.222724914550781e-05], "tts_times": [0.4578704833984375], "total_time": 4.686733961105347}