{"sending_time": 0.02739262580871582, "first_response": 8.51731538772583, "stt_time": 0.5128476619720459, "ttt_times": [2.5836286544799805, 1.4965848922729492, 3.96050763130188, 0.2558166980743408, 6.59701943397522, 7.318095922470093, 0.08345341682434082, 0.00012445449829101562], "tts_times": [0.42180895805358887, 0.47046971321105957, 0.44660353660583496, 0.5916585922241211, 0.07839488983154297], "total_time": 24.872942686080933}