{"sending_time": 0.021712541580200195, "first_response": 3.497053623199463, "stt_time": 0.44857335090637207, "ttt_times": [3.0832793712615967, 7.05718994140625e-05], "tts_times": [0.37027859687805176], "total_time": 3.945920944213867}