{"sending_time": 0.027736186981201172, "first_response": 11.664530277252197, "stt_time": 0.4283406734466553, "ttt_times": [4.175793409347534, 6.84821891784668, 0.0037300586700439453], "tts_times": [0.585045576095581, 0.8106484413146973], "total_time": 12.90800929069519}