{"sending_time": 0.0269010066986084, "first_response": 9.945711135864258, "stt_time": 0.4851827621459961, "ttt_times": [0.45969414710998535, 1.2647922039031982, 7.888609170913696, 0.3504178524017334, 1.2882089614868164, 1.4860012531280518, 1.6800475120544434, 1.689852237701416, 2.1943461894989014, 1.6943159103393555, 1.6998279094696045, 1.6429286003112793, 3.8575308322906494, 3.1571171283721924, 3.18025803565979, 0.0017795562744140625], "tts_times": [0.27881360054016113, 0.5702528953552246, 0.9027183055877686, 0.31568288803100586, 0.34196901321411133, 0.28607654571533203], "total_time": 36.77146768569946}