{"sending_time": 0.017256975173950195, "first_response": 10.033192157745361, "stt_time": 0.4936830997467041, "ttt_times": [2.563824415206909, 7.148449182510376, 0.0015952587127685547], "tts_times": [0.2864046096801758, 0.5573215484619141], "total_time": 11.086204290390015}