{"sending_time": 0.02726268768310547, "first_response": 11.567572593688965, "stt_time": 1.045203447341919, "ttt_times": [3.9719672203063965, 6.790369987487793, 0.0029327869415283203], "tts_times": [0.7507100105285645, 0.6654455661773682], "total_time": 13.281766891479492}