{"sending_time": 0.027006149291992188, "first_response": 5.925604820251465, "stt_time": 0.5759572982788086, "ttt_times": [2.701220750808716, 2.8647050857543945, 2.8042476177215576, 0.0016415119171142578], "tts_times": [0.3056666851043701, 0.256927490234375, 0.2914290428161621], "total_time": 9.856390237808228}