{"sending_time": 0.027222394943237305, "first_response": 14.121774673461914, "stt_time": 0.4996309280395508, "ttt_times": [6.306157827377319, 7.618189573287964, 0.0008814334869384766], "tts_times": [0.14298248291015625, 0.7151968479156494], "total_time": 15.337934732437134}