{"sending_time": 0.016833782196044922, "first_response": 18.617438316345215, "stt_time": 0.7549116611480713, "ttt_times": [13.304814577102661, 5.13564658164978, 0.09545493125915527, 0.00033402442932128906], "tts_times": [0.1433095932006836, 0.38622426986694336], "total_time": 19.85478663444519}