{"sending_time": 0.027465105056762695, "first_response": 0.6903946399688721, "stt_time": 0.36913537979125977, "ttt_times": [0.5491437911987305, 8.249282836914062e-05], "tts_times": [0.08623814582824707], "total_time": 1.0597295761108398}