{"sending_time": 0.027187585830688477, "first_response": 1.7031497955322266, "stt_time": 0.8401534557342529, "ttt_times": [1.35398268699646, 0.07685184478759766, 6.198883056640625e-05], "tts_times": [0.21787810325622559], "total_time": 2.5435163974761963}