{"sending_time": 0.027526140213012695, "first_response": 1.0056593418121338, "stt_time": 0.3905806541442871, "ttt_times": [0.7373204231262207, 0.0712132453918457, 6.961822509765625e-05], "tts_times": [0.14200377464294434], "total_time": 1.3964476585388184}