{"sending_time": 0.026884078979492188, "first_response": 7.843676805496216, "stt_time": 0.46637797355651855, "ttt_times": [2.0503854751586914, 5.462245941162109, 0.0012788772583007812], "tts_times": [0.27727723121643066, 1.3016927242279053], "total_time": 9.613429069519043}