{"sending_time": 0.0869293212890625, "first_response": 0.7531929016113281, "stt_time": 0.36734461784362793, "ttt_times": [0.4018256664276123, 0.08950161933898926, 7.987022399902344e-05], "tts_times": [0.08792710304260254], "total_time": 1.120741605758667}