{"sending_time": 0.0018241405487060547, "first_response": 3.085125207901001, "stt_time": 0.36083269119262695, "ttt_times": [2.7802093029022217, 7.605552673339844e-05], "tts_times": [0.3011915683746338], "total_time": 3.4461753368377686}