{"sending_time": 0.027062177658081055, "first_response": 4.027496099472046, "stt_time": 0.7663164138793945, "ttt_times": [1.0260815620422363, 0.6564478874206543, 0.11441397666931152, 0.7915253639221191, 0.6607563495635986, 0.07565784454345703, 6.222724914550781e-05], "tts_times": [0.6484265327453613], "total_time": 4.7940709590911865}