{"sending_time": 0.01672649383544922, "first_response": 8.177552223205566, "stt_time": 0.4928908348083496, "ttt_times": [0.348804235458374, 1.759537696838379, 3.441560745239258, 1.8841195106506348, 3.6831939220428467, 2.7254409790039062, 0.001905679702758789], "tts_times": [0.7100770473480225, 0.46284055709838867, 0.2748527526855469], "total_time": 15.819293022155762}