{"sending_time": 0.03744339942932129, "first_response": 15.25322151184082, "stt_time": 0.7716708183288574, "ttt_times": [10.329734802246094, 4.708181142807007, 0.09050250053405762, 8.511543273925781e-05], "tts_times": [0.14041876792907715, 0.3951759338378906], "total_time": 16.511268138885498}