{"sending_time": 0.027311325073242188, "first_response": 1.5457727909088135, "stt_time": 0.6844184398651123, "ttt_times": [0.9868314266204834, 5.984306335449219e-05], "tts_times": [0.5042588710784912], "total_time": 2.230419397354126}