{"sending_time": 0.017085790634155273, "first_response": 7.276515245437622, "stt_time": 0.5703096389770508, "ttt_times": [2.6666979789733887, 4.27752947807312], "tts_times": [0.29811620712280273], "total_time": 7.847026824951172}