{"sending_time": 0.027477741241455078, "first_response": 4.268757104873657, "stt_time": 0.3903470039367676, "ttt_times": [0.6001682281494141, 1.3863167762756348, 1.6396193504333496, 0.08119082450866699, 7.605552673339844e-05], "tts_times": [0.5064303874969482], "total_time": 4.659575700759888}