{"sending_time": 0.02170562744140625, "first_response": 7.246562480926514, "stt_time": 0.9898591041564941, "ttt_times": [5.049818992614746, 1.6393799781799316, 0.08538126945495605, 8.797645568847656e-05], "tts_times": [0.5139522552490234, 0.12185072898864746], "total_time": 8.444156169891357}