{"sending_time": 0.02746891975402832, "first_response": 12.730153560638428, "stt_time": 0.6492831707000732, "ttt_times": [0.3542320728302002, 12.166273832321167, 5.3180882930755615, 0.0053331851959228516], "tts_times": [0.1547098159790039, 0.9308764934539795, 0.41385316848754883], "total_time": 20.048692226409912}