{"sending_time": 0.027056455612182617, "first_response": 6.92347526550293, "stt_time": 0.5361418724060059, "ttt_times": [2.641101360321045, 3.4494290351867676, 6.079673767089844e-05], "tts_times": [0.778771162033081], "total_time": 7.4598963260650635}