{"sending_time": 0.027186870574951172, "first_response": 12.596048593521118, "stt_time": 0.6041076183319092, "ttt_times": [8.245759963989258, 3.6324994564056396, 0.07403874397277832, 6.985664367675781e-05], "tts_times": [0.5893068313598633], "total_time": 13.200514554977417}