{"sending_time": 0.016771793365478516, "first_response": 11.712033987045288, "stt_time": 0.7395763397216797, "ttt_times": [2.83972430229187, 0.41906189918518066, 0.2674744129180908, 1.506411075592041, 5.2388670444488525, 0.07981705665588379, 0.002916574478149414], "tts_times": [1.406951665878296, 0.7412383556365967, 0.00034499168395996094], "total_time": 13.27668023109436}