{"sending_time": 0.02698230743408203, "first_response": 3.2678768634796143, "stt_time": 0.6292355060577393, "ttt_times": [1.2680671215057373, 1.4249882698059082, 6.842613220214844e-05], "tts_times": [0.5207884311676025], "total_time": 3.8973217010498047}