{"sending_time": 0.021806001663208008, "first_response": 10.723394632339478, "stt_time": 0.4466407299041748, "ttt_times": [1.8682153224945068, 3.28572154045105, 4.9870569705963135, 1.369001865386963, 0.08409810066223145, 8.654594421386719e-05], "tts_times": [0.5387887954711914, 0.38896751403808594, 0.148024320602417], "total_time": 13.16083836555481}