{"sending_time": 0.0370635986328125, "first_response": 8.340753078460693, "stt_time": 0.4737980365753174, "ttt_times": [4.004385471343994, 3.8559436798095703, 0.1065208911895752, 8.726119995117188e-05], "tts_times": [0.4062967300415039, 0.2268517017364502], "total_time": 9.148504495620728}