{"sending_time": 0.027442216873168945, "first_response": 3.6699748039245605, "stt_time": 0.3422889709472656, "ttt_times": [3.169811248779297, 6.4849853515625e-05], "tts_times": [0.44521427154541016], "total_time": 4.012479543685913}