{"sending_time": 0.027260303497314453, "first_response": 8.030819177627563, "stt_time": 0.46575450897216797, "ttt_times": [1.5260255336761475, 0.7800116539001465, 2.5232794284820557, 1.4527478218078613, 0.8267991542816162, 1.5959932804107666, 0.5238924026489258, 0.258685827255249, 0.9403798580169678, 0.39382362365722656, 1.905097484588623, 6.365776062011719e-05], "tts_times": [0.8674349784851074, 0.9523494243621826], "total_time": 15.067410945892334}