{"sending_time": 0.033007144927978516, "first_response": 7.079798221588135, "stt_time": 0.8198235034942627, "ttt_times": [1.7675952911376953, 2.3620760440826416, 1.9980542659759521, 0.0037996768951416016], "tts_times": [0.8860583305358887, 0.38082313537597656], "total_time": 8.284634351730347}