{"sending_time": 0.02744579315185547, "first_response": 18.1754252910614, "stt_time": 0.46981215476989746, "ttt_times": [17.887402534484863, 0.09072566032409668, 7.891654968261719e-05], "tts_times": [0.14232659339904785], "total_time": 18.645448684692383}