{"sending_time": 0.026729106903076172, "first_response": 19.809669017791748, "stt_time": 0.6699931621551514, "ttt_times": [0.6395168304443359, 1.8335983753204346, 0.2554447650909424, 1.2963719367980957, 15.187840938568115, 0.0020020008087158203], "tts_times": [0.5434379577636719, 1.8859913349151611], "total_time": 22.368330001831055}