{"sending_time": 0.02776622772216797, "first_response": 1.230682373046875, "stt_time": 0.3505363464355469, "ttt_times": [1.1750900745391846], "tts_times": [5.984306335449219e-05], "total_time": 1.581430196762085}