{"sending_time": 0.011704444885253906, "first_response": 0.7379939556121826, "stt_time": 0.43170166015625, "ttt_times": [0.532982587814331, 0.0869138240814209, 8.702278137207031e-05], "tts_times": [0.09460163116455078], "total_time": 1.1699092388153076}