{"sending_time": 0.032454490661621094, "first_response": 3.401202917098999, "stt_time": 0.37003135681152344, "ttt_times": [0.22428202629089355, 0.9795176982879639, 1.706054925918579, 5.7220458984375e-05], "tts_times": [0.42638206481933594], "total_time": 3.7714574337005615}