{"sending_time": 0.027331113815307617, "first_response": 12.57950735092163, "stt_time": 1.2362408638000488, "ttt_times": [4.59023118019104, 7.139189004898071, 1.823760747909546, 0.08081984519958496, 0.00014352798461914062], "tts_times": [0.7954249382019043, 1.0994815826416016, 0.23174142837524414], "total_time": 17.052613019943237}