{"sending_time": 0.03221893310546875, "first_response": 3.8142342567443848, "stt_time": 0.4022390842437744, "ttt_times": [3.387754201889038, 5.888938903808594e-05], "tts_times": [0.3619832992553711], "total_time": 4.216721534729004}