{"sending_time": 0.027363300323486328, "first_response": 5.382573127746582, "stt_time": 0.8041465282440186, "ttt_times": [2.6759824752807617, 1.7624704837799072, 0.06994485855102539, 5.7697296142578125e-05], "tts_times": [0.8193910121917725], "total_time": 6.1871113777160645}