{"sending_time": 0.021689414978027344, "first_response": 12.398388862609863, "stt_time": 0.6495459079742432, "ttt_times": [0.09589552879333496, 0.9831433296203613, 1.9696288108825684, 8.898202419281006, 11.32388710975647, 0.0046503543853759766], "tts_times": [0.4081399440765381, 0.6643173694610596, 0.8390004634857178], "total_time": 25.88065791130066}