{"sending_time": 0.021677255630493164, "first_response": 4.808410406112671, "stt_time": 0.385211706161499, "ttt_times": [2.7836389541625977, 1.3747785091400146, 0.07814717292785645, 7.343292236328125e-05], "tts_times": [0.5284178256988525], "total_time": 5.193857908248901}