{"sending_time": 0.027185678482055664, "first_response": 4.650227069854736, "stt_time": 0.9831521511077881, "ttt_times": [3.861330270767212, 0.06816935539245605, 5.841255187988281e-05], "tts_times": [0.6662976741790771], "total_time": 5.63366436958313}