{"sending_time": 0.0022733211517333984, "first_response": 2.6177680492401123, "stt_time": 0.5229465961456299, "ttt_times": [1.0448942184448242, 1.229060173034668, 5.6743621826171875e-05], "tts_times": [0.33921027183532715], "total_time": 3.1409502029418945}