{"sending_time": 0.0869295597076416, "first_response": 19.252959966659546, "stt_time": 0.525043249130249, "ttt_times": [10.56389307975769, 1.9322638511657715, 6.204976558685303, 0.09180045127868652, 0.0022771358489990234], "tts_times": [0.37796735763549805, 0.5404179096221924, 0.0002925395965576172], "total_time": 20.413340091705322}