{"sending_time": 0.016983747482299805, "first_response": 9.438144207000732, "stt_time": 0.658644437789917, "ttt_times": [0.4152822494506836, 3.7086193561553955, 4.719507694244385, 12.371506690979004, 0.0022711753845214844], "tts_times": [0.560767412185669, 0.4096558094024658, 0.8459029197692871], "total_time": 23.726964473724365}