{"sending_time": 0.02707529067993164, "first_response": 5.998704195022583, "stt_time": 0.49598217010498047, "ttt_times": [5.7990710735321045, 8.678436279296875e-05], "tts_times": [0.14539575576782227], "total_time": 6.494897127151489}