{"sending_time": 0.037659406661987305, "first_response": 10.892158031463623, "stt_time": 0.37646055221557617, "ttt_times": [2.090831756591797, 1.6526620388031006, 0.30167627334594727, 2.6134586334228516, 3.3472020626068115, 3.126072645187378, 1.8928656578063965, 4.093137979507446, 2.3079404830932617, 3.4668893814086914, 6.922235012054443, 2.5496580600738525, 4.433273792266846, 7.963180541992188e-05], "tts_times": [0.8110084533691406, 0.4322028160095215, 0.4630711078643799, 0.3184959888458252, 0.445568323135376, 0.42218995094299316], "total_time": 42.14377307891846}