{"sending_time": 0.042670488357543945, "first_response": 14.310164451599121, "stt_time": 0.7439980506896973, "ttt_times": [4.303741216659546, 9.525646209716797, 0.08851146697998047, 0.0033245086669921875], "tts_times": [0.39543604850769043, 0.7909507751464844, 0.0004019737243652344], "total_time": 15.938060998916626}