{"sending_time": 0.027183055877685547, "first_response": 3.1235809326171875, "stt_time": 0.6936755180358887, "ttt_times": [2.775763988494873, 5.602836608886719e-05], "tts_times": [0.2933948040008545], "total_time": 3.817478895187378}