{"sending_time": 0.03205728530883789, "first_response": 6.97031307220459, "stt_time": 0.4176521301269531, "ttt_times": [2.3107073307037354, 3.904613494873047, 6.937980651855469e-05], "tts_times": [0.6908082962036133], "total_time": 7.388298988342285}