{"sending_time": 0.0018401145935058594, "first_response": 7.9258129596710205, "stt_time": 1.6237940788269043, "ttt_times": [1.305375576019287, 1.8216469287872314, 4.443094730377197, 0.9953727722167969, 5.841255187988281e-05], "tts_times": [0.35201549530029297, 0.5797593593597412], "total_time": 11.125536918640137}