{"sending_time": 0.0016651153564453125, "first_response": 3.0269417762756348, "stt_time": 0.3794064521789551, "ttt_times": [2.593996524810791, 0.06472158432006836, 4.57763671875e-05], "tts_times": [0.36484766006469727], "total_time": 3.4065515995025635}