{"sending_time": 0.03787660598754883, "first_response": 14.003707647323608, "stt_time": 0.640155553817749, "ttt_times": [2.437626838684082, 3.7658450603485107, 7.146290302276611, 0.0026581287384033203], "tts_times": [0.5781922340393066, 0.4729452133178711], "total_time": 15.120096921920776}