{"sending_time": 0.026882171630859375, "first_response": 1.4739010334014893, "stt_time": 0.4640672206878662, "ttt_times": [0.585456132888794, 0.6213433742523193, 5.3882598876953125e-05], "tts_times": [0.21328330039978027], "total_time": 1.9381868839263916}