{"sending_time": 0.02739238739013672, "first_response": 0.877600908279419, "stt_time": 0.3718404769897461, "ttt_times": [0.23265814781188965, 0.5052623748779297], "tts_times": [0.08489561080932617], "total_time": 1.2496445178985596}