{"sending_time": 0.0017228126525878906, "first_response": 15.956066608428955, "stt_time": 0.3779447078704834, "ttt_times": [9.420807838439941, 2.8502209186553955, 3.2235147953033447, 7.31708836555481, 0.001558542251586914], "tts_times": [0.45807743072509766, 0.34590649604797363, 0.5229587554931641], "total_time": 24.522213220596313}