{"sending_time": 0.011682987213134766, "first_response": 7.593353033065796, "stt_time": 0.5596456527709961, "ttt_times": [1.9169697761535645, 3.740410804748535, 1.3475525379180908, 0.08117556571960449, 6.508827209472656e-05], "tts_times": [0.5650539398193359, 0.17329668998718262], "total_time": 8.40795636177063}