{"sending_time": 0.09280538558959961, "first_response": 1.5312869548797607, "stt_time": 0.4803910255432129, "ttt_times": [1.156337022781372, 5.555152893066406e-05], "tts_times": [0.1892836093902588], "total_time": 2.0118861198425293}