{"sending_time": 0.027132272720336914, "first_response": 8.982503175735474, "stt_time": 0.8647644519805908, "ttt_times": [0.5685985088348389, 8.219892740249634, 3.445713520050049, 5.045677185058594, 2.174304246902466, 0.0877983570098877, 8.130073547363281e-05], "tts_times": [0.13974738121032715, 0.8684425354003906, 0.35456371307373047, 0.4947776794433594, 0.16562438011169434], "total_time": 22.48516869544983}