{"sending_time": 0.03752326965332031, "first_response": 7.343271732330322, "stt_time": 0.7271833419799805, "ttt_times": [2.1527726650238037, 1.841714859008789, 2.6037418842315674, 0.0823814868927002, 6.67572021484375e-05], "tts_times": [0.6699957847595215, 0.2675132751464844], "total_time": 8.42082142829895}