{"sending_time": 0.027110576629638672, "first_response": 4.316935300827026, "stt_time": 0.39225220680236816, "ttt_times": [3.901829719543457, 6.651878356933594e-05], "tts_times": [0.36081790924072266], "total_time": 4.709472179412842}