{"sending_time": 0.11938691139221191, "first_response": 10.109794616699219, "stt_time": 0.7513070106506348, "ttt_times": [0.3984076976776123, 0.46680521965026855, 2.340742826461792, 2.6987743377685547, 0.7111263275146484, 2.4915428161621094, 2.839122772216797, 3.0147948265075684, 5.8646533489227295, 2.5366051197052, 0.09625840187072754, 9.5367431640625e-05], "tts_times": [0.7636215686798096, 0.565544843673706, 0.23107123374938965, 0.4910929203033447, 0.1647193431854248], "total_time": 26.66646146774292}