{"sending_time": 0.027076005935668945, "first_response": 8.892218351364136, "stt_time": 0.900233268737793, "ttt_times": [3.288957118988037, 5.2363903522491455, 2.297853708267212, 4.019474983215332, 1.7680864334106445, 0.12510943412780762, 9.870529174804688e-05], "tts_times": [0.31271886825561523, 0.4277529716491699, 0.44003915786743164, 0.14242100715637207], "total_time": 19.01399064064026}