{"sending_time": 0.02753162384033203, "first_response": 14.104240894317627, "stt_time": 0.6844148635864258, "ttt_times": [2.166900634765625, 4.680417537689209, 6.677418947219849, 2.1368601322174072, 0.13915371894836426, 9.775161743164062e-05], "tts_times": [0.5244405269622803, 0.35950183868408203, 0.12361025810241699], "total_time": 17.548465728759766}