{"sending_time": 0.027444124221801758, "first_response": 19.645642280578613, "stt_time": 0.47263288497924805, "ttt_times": [8.082422494888306, 11.364737510681152, 0.0009515285491943359], "tts_times": [0.14359402656555176, 1.0569336414337158], "total_time": 21.17679715156555}