{"sending_time": 0.0324101448059082, "first_response": 10.418220043182373, "stt_time": 0.5682289600372314, "ttt_times": [0.349470853805542, 0.9313976764678955, 1.3494374752044678, 3.0985770225524902, 3.832221746444702, 2.721036434173584, 1.0828320980072021, 2.3120529651641846, 3.7123281955718994, 2.739105224609375, 1.206451177597046, 2.661426305770874, 2.3710134029388428, 1.1106390953063965, 2.54352068901062, 3.144357681274414], "tts_times": [0.792294979095459, 1.0158543586730957, 1.1410698890686035, 0.9762632846832275, 0.19467496871948242], "total_time": 39.920554399490356}