{"sending_time": 0.02719736099243164, "first_response": 7.035215377807617, "stt_time": 0.586449384689331, "ttt_times": [3.2564847469329834, 3.3632874488830566, 3.141528844833374, 9.382640838623047, 0.0018017292022705078], "tts_times": [0.36104846000671387, 0.33023619651794434, 0.28396034240722656, 0.7635517120361328], "total_time": 21.526655435562134}