{"sending_time": 0.02752208709716797, "first_response": 2.4946439266204834, "stt_time": 0.45195770263671875, "ttt_times": [2.10009765625, 6.461143493652344e-05], "tts_times": [0.33943748474121094], "total_time": 2.9467954635620117}