{"sending_time": 0.022698640823364258, "first_response": 3.3026366233825684, "stt_time": 0.7007784843444824, "ttt_times": [0.6865935325622559, 0.9530906677246094, 0.6216268539428711, 0.07009553909301758, 5.412101745605469e-05], "tts_times": [0.9257786273956299], "total_time": 4.003653526306152}