{"sending_time": 0.032581329345703125, "first_response": 2.3650026321411133, "stt_time": 0.40103936195373535, "ttt_times": [2.023127317428589, 7.200241088867188e-05], "tts_times": [0.2766406536102295], "total_time": 2.7662851810455322}