{"sending_time": 0.03681755065917969, "first_response": 7.860931158065796, "stt_time": 0.5996396541595459, "ttt_times": [2.9110946655273438, 4.559252738952637, 3.162599563598633, 0.13158845901489258, 7.020468235015869, 5.458858013153076, 0.09298181533813477, 0.00032639503479003906], "tts_times": [0.31694865226745605, 0.2897019386291504, 0.4879641532897949, 0.587165355682373, 0.36734437942504883], "total_time": 26.060802221298218}