{"sending_time": 0.0321502685546875, "first_response": 13.708598375320435, "stt_time": 0.5724911689758301, "ttt_times": [9.13995623588562, 4.359654188156128, 0.08947443962097168, 9.560585021972656e-05], "tts_times": [0.14468741416931152, 0.355452299118042], "total_time": 14.726509094238281}