{"sending_time": 0.03220033645629883, "first_response": 9.484381914138794, "stt_time": 0.7455096244812012, "ttt_times": [3.1785941123962402, 5.941707134246826, 10.936331033706665, 3.2926111221313477, 0.08960223197937012, 8.0108642578125e-05], "tts_times": [0.2996799945831299, 0.5823047161102295, 0.9353904724121094, 0.1239316463470459], "total_time": 26.191160202026367}