{"sending_time": 0.027091264724731445, "first_response": 18.87364387512207, "stt_time": 0.6730544567108154, "ttt_times": [3.145936965942383, 15.30732011795044, 0.0017566680908203125], "tts_times": [0.36620426177978516, 1.0623650550842285], "total_time": 20.611968755722046}