{"sending_time": 0.02704906463623047, "first_response": 0.9712457656860352, "stt_time": 0.4625985622406006, "ttt_times": [0.7224025726318359, 0.09090065956115723, 8.273124694824219e-05], "tts_times": [0.10376167297363281], "total_time": 1.4340283870697021}