{"sending_time": 0.027338504791259766, "first_response": 7.561023235321045, "stt_time": 0.8855998516082764, "ttt_times": [3.239078998565674, 3.9150586128234863, 1.7922940254211426, 3.202605962753296, 1.4345324039459229, 0.09091353416442871, 7.915496826171875e-05], "tts_times": [0.35220861434936523, 0.2689516544342041, 0.37978172302246094, 0.1378459930419922], "total_time": 15.754477977752686}