{"sending_time": 0.06563925743103027, "first_response": 3.0794811248779297, "stt_time": 0.44631028175354004, "ttt_times": [2.5306437015533447, 0.07019400596618652, 6.270408630371094e-05], "tts_times": [0.3473021984100342], "total_time": 3.5260207653045654}