{"sending_time": 0.027405261993408203, "first_response": 7.192215442657471, "stt_time": 0.7775115966796875, "ttt_times": [0.5340902805328369, 2.880629062652588, 2.5431582927703857, 1.2973873615264893, 2.5651893615722656, 0.0014688968658447266], "tts_times": [1.1795272827148438, 0.48493361473083496, 0.2819693088531494], "total_time": 12.60134220123291}