{"sending_time": 0.027341365814208984, "first_response": 15.26328420639038, "stt_time": 0.6761083602905273, "ttt_times": [2.7474164962768555, 4.185561418533325, 7.712841033935547, 0.0001392364501953125], "tts_times": [0.5627825260162354, 0.5285072326660156], "total_time": 16.46846842765808}