{"sending_time": 0.03733205795288086, "first_response": 5.4349305629730225, "stt_time": 0.5870332717895508, "ttt_times": [4.870339393615723, 7.510185241699219e-05], "tts_times": [0.4898519515991211], "total_time": 6.022317886352539}