{"sending_time": 0.0321352481842041, "first_response": 0.7083795070648193, "stt_time": 0.38699984550476074, "ttt_times": [0.550168514251709, 7.128715515136719e-05], "tts_times": [0.09386920928955078], "total_time": 1.0955791473388672}