{"sending_time": 0.02746438980102539, "first_response": 7.307018041610718, "stt_time": 0.4501049518585205, "ttt_times": [2.104088068008423, 4.287384986877441, 6.341934204101562e-05], "tts_times": [0.8605527877807617], "total_time": 7.757459402084351}