{"sending_time": 0.01674675941467285, "first_response": 3.262938976287842, "stt_time": 0.39951276779174805, "ttt_times": [1.0126900672912598, 1.9179713726043701, 7.104873657226562e-05], "tts_times": [0.29871296882629395], "total_time": 3.6626856327056885}