{"sending_time": 0.06570196151733398, "first_response": 9.788611888885498, "stt_time": 0.5904161930084229, "ttt_times": [1.8420124053955078, 0.2775688171386719, 2.3158795833587646, 1.8980991840362549, 2.387505054473877, 3.378113269805908, 3.7183732986450195, 2.12536883354187, 2.556779384613037, 3.0481362342834473, 3.6378822326660156, 0.09454703330993652, 8.726119995117188e-05], "tts_times": [0.9361429214477539, 0.6859803199768066, 0.6033973693847656, 0.49619102478027344, 0.2883188724517822], "total_time": 31.013393878936768}