{"sending_time": 0.033651113510131836, "first_response": 14.320953369140625, "stt_time": 0.6695947647094727, "ttt_times": [6.221522808074951, 0.2554159164428711, 2.4231646060943604, 0.3977694511413574, 1.5414767265319824, 2.8469595909118652, 0.9571094512939453, 6.649305820465088, 0.07470130920410156, 0.0035390853881835938], "tts_times": [0.5673420429229736, 0.30619168281555176, 0.672466516494751, 0.0003266334533691406], "total_time": 23.65523672103882}