{"sending_time": 0.07582616806030273, "first_response": 1.0380802154541016, "stt_time": 0.3708813190460205, "ttt_times": [0.23542451858520508, 0.3687560558319092, 0.07041645050048828, 7.653236389160156e-05], "tts_times": [0.21175432205200195], "total_time": 1.4091722965240479}