{"sending_time": 0.0018091201782226562, "first_response": 3.498101234436035, "stt_time": 0.5741617679595947, "ttt_times": [1.0622491836547852, 1.9588568210601807, 0.06836366653442383, 6.604194641113281e-05], "tts_times": [0.40494728088378906], "total_time": 4.072489023208618}