{"sending_time": 0.027671098709106445, "first_response": 1.254962682723999, "stt_time": 0.6320345401763916, "ttt_times": [0.8014798164367676, 5.984306335449219e-05], "tts_times": [0.39808082580566406], "total_time": 1.887197494506836}