{"sending_time": 0.027076005935668945, "first_response": 1.5656628608703613, "stt_time": 0.368908166885376, "ttt_times": [0.254148006439209, 0.9495346546173096, 0.07613396644592285, 6.031990051269531e-05], "tts_times": [0.23163390159606934], "total_time": 1.9347867965698242}