{"sending_time": 0.01206064224243164, "first_response": 2.7176358699798584, "stt_time": 1.1551239490509033, "ttt_times": [2.0554707050323486, 5.3882598876953125e-05], "tts_times": [0.6379899978637695], "total_time": 3.872955322265625}