{"sending_time": 0.011642694473266602, "first_response": 0.6602180004119873, "stt_time": 0.3961782455444336, "ttt_times": [0.5475056171417236, 8.702278137207031e-05], "tts_times": [0.0893399715423584], "total_time": 1.0566108226776123}