{"sending_time": 0.03218674659729004, "first_response": 0.6580209732055664, "stt_time": 1.0294222831726074, "ttt_times": [0.4991874694824219, 6.961822509765625e-05], "tts_times": [0.0943903923034668], "total_time": 1.6876399517059326}