{"sending_time": 0.02181720733642578, "first_response": 1.8061857223510742, "stt_time": 0.36408567428588867, "ttt_times": [1.3472201824188232, 0.0690913200378418, 8.7738037109375e-05], "tts_times": [0.34615206718444824], "total_time": 2.170482873916626}