{"sending_time": 0.02728557586669922, "first_response": 2.699991226196289, "stt_time": 0.3735463619232178, "ttt_times": [1.00929594039917, 1.288539171218872, 0.09031462669372559, 8.082389831542969e-05], "tts_times": [0.2571895122528076], "total_time": 3.073760509490967}