{"sending_time": 0.017172813415527344, "first_response": 1.878305196762085, "stt_time": 0.6803293228149414, "ttt_times": [0.4177861213684082, 0.8271937370300293, 5.793571472167969e-05], "tts_times": [0.5989217758178711], "total_time": 2.558793067932129}