{"sending_time": 0.03303408622741699, "first_response": 1.6135039329528809, "stt_time": 0.680880069732666, "ttt_times": [1.0260589122772217, 0.06833243370056152, 6.985664367675781e-05], "tts_times": [0.4529745578765869], "total_time": 2.2945826053619385}