{"sending_time": 0.016651153564453125, "first_response": 9.737932205200195, "stt_time": 1.5435338020324707, "ttt_times": [6.253873348236084, 2.9394140243530273, 0.08002758026123047, 7.605552673339844e-05], "tts_times": [0.43123888969421387], "total_time": 11.281736135482788}