{"sending_time": 0.037200927734375, "first_response": 9.055639743804932, "stt_time": 0.40233325958251953, "ttt_times": [1.4138002395629883, 1.648292064666748, 5.464927434921265, 1.7052059173583984, 0.07907581329345703, 6.961822509765625e-05], "tts_times": [0.45421814918518066, 0.644641637802124, 0.1779191493988037], "total_time": 12.065438032150269}