{"sending_time": 0.0015974044799804688, "first_response": 1.302150011062622, "stt_time": 0.3591487407684326, "ttt_times": [0.4818129539489746, 0.500640869140625, 0.0667109489440918, 5.507469177246094e-05], "tts_times": [0.24973535537719727], "total_time": 1.661506175994873}