{"sending_time": 0.021738290786743164, "first_response": 0.6625876426696777, "stt_time": 0.40778255462646484, "ttt_times": [0.5317068099975586, 9.72747802734375e-05], "tts_times": [0.08730697631835938], "total_time": 1.0705852508544922}