{"sending_time": 0.004618167877197266, "first_response": 3.862076997756958, "stt_time": 0.44489240646362305, "ttt_times": [3.4265060424804688, 6.556510925292969e-05], "tts_times": [0.4262690544128418], "total_time": 4.3072497844696045}