{"sending_time": 0.1088094711303711, "first_response": 33.53712701797485, "stt_time": 0.43387460708618164, "ttt_times": [7.449175834655762, 3.816917657852173, 21.637973070144653, 2.849918842315674, 0.1451857089996338, 0.00031566619873046875], "tts_times": [0.41544151306152344, 1.4718387126922607, 0.18437409400939941], "total_time": 38.62348914146423}