{"sending_time": 0.02758026123046875, "first_response": 2.1589760780334473, "stt_time": 0.4019129276275635, "ttt_times": [1.6481170654296875, 0.06859302520751953, 6.079673767089844e-05], "tts_times": [0.38704466819763184], "total_time": 2.5611186027526855}