{"sending_time": 0.03775477409362793, "first_response": 1.877058744430542, "stt_time": 0.5036745071411133, "ttt_times": [1.487680196762085, 0.06881976127624512, 5.7697296142578125e-05], "tts_times": [0.24499154090881348], "total_time": 2.380958318710327}