{"sending_time": 0.016711711883544922, "first_response": 7.668435096740723, "stt_time": 0.40296006202697754, "ttt_times": [5.845729827880859, 1.5146279335021973, 6.747245788574219e-05], "tts_times": [0.27458643913269043], "total_time": 8.071580648422241}