{"sending_time": 0.02743697166442871, "first_response": 2.468991994857788, "stt_time": 0.7506082057952881, "ttt_times": [0.395977258682251, 1.3817081451416016, 6.031990051269531e-05], "tts_times": [0.6363723278045654], "total_time": 3.2198169231414795}