{"sending_time": 0.027306318283081055, "first_response": 4.207101106643677, "stt_time": 0.37958455085754395, "ttt_times": [3.7149295806884766, 5.7220458984375e-05], "tts_times": [0.4375016689300537], "total_time": 4.586910247802734}