{"sending_time": 0.027029991149902344, "first_response": 9.745033979415894, "stt_time": 0.6640100479125977, "ttt_times": [2.0386035442352295, 7.42568826675415, 5.513800859451294, 0.002063751220703125], "tts_times": [0.22668218612670898, 0.5581085681915283, 0.34348487854003906], "total_time": 16.827219247817993}