{"sending_time": 0.027527809143066406, "first_response": 5.880661964416504, "stt_time": 1.5556042194366455, "ttt_times": [5.350970506668091, 0.07138729095458984, 6.0558319091796875e-05], "tts_times": [0.40318799018859863], "total_time": 7.436505079269409}