{"sending_time": 0.03312516212463379, "first_response": 4.918763637542725, "stt_time": 0.42566871643066406, "ttt_times": [2.380396842956543, 1.974574089050293, 8.296966552734375e-05], "tts_times": [0.49745941162109375], "total_time": 5.344663381576538}