{"sending_time": 0.027527332305908203, "first_response": 8.505091667175293, "stt_time": 0.39188265800476074, "ttt_times": [2.3733692169189453, 5.87496542930603, 3.2267239093780518, 3.0540053844451904, 1.8046212196350098, 0.1277625560760498, 0.00010418891906738281], "tts_times": [0.20170235633850098, 0.43030595779418945, 0.38003969192504883, 0.17730951309204102], "total_time": 18.09880042076111}