{"sending_time": 0.02211451530456543, "first_response": 13.630382299423218, "stt_time": 0.3789377212524414, "ttt_times": [8.187331914901733, 5.236615419387817, 0.1001589298248291, 0.00010204315185546875], "tts_times": [0.16220593452453613, 0.49409985542297363], "total_time": 14.604088306427002}