{"sending_time": 0.021846532821655273, "first_response": 0.5385985374450684, "stt_time": 0.37933993339538574, "ttt_times": [0.4084441661834717, 0.00011396408081054688], "tts_times": [0.08634734153747559], "total_time": 0.9181408882141113}