{"sending_time": 0.027194738388061523, "first_response": 8.257268190383911, "stt_time": 1.1511867046356201, "ttt_times": [3.394501209259033, 4.485668182373047, 5.247375249862671, 0.0015282630920410156], "tts_times": [0.322709321975708, 0.2635464668273926, 0.4031674861907959], "total_time": 15.324634313583374}