{"sending_time": 0.022246122360229492, "first_response": 13.879664659500122, "stt_time": 0.4666924476623535, "ttt_times": [0.23166728019714355, 2.361659526824951, 10.885295867919922, 0.07948017120361328, 0.0042421817779541016], "tts_times": [0.3565497398376465, 0.9811725616455078, 0.0003871917724609375], "total_time": 15.412330865859985}