{"sending_time": 0.016865968704223633, "first_response": 11.491979598999023, "stt_time": 0.3656656742095947, "ttt_times": [3.502741813659668, 7.646097898483276, 0.001703500747680664], "tts_times": [0.30940794944763184, 0.5180637836456299], "total_time": 12.37803840637207}