{"sending_time": 0.027310609817504883, "first_response": 6.9703590869903564, "stt_time": 0.6227710247039795, "ttt_times": [0.2365257740020752, 3.2042770385742188, 3.0577969551086426, 1.6811344623565674, 6.437301635742188e-05], "tts_times": [0.41713809967041016, 0.5389020442962646], "total_time": 9.813768863677979}