{"sending_time": 0.027179479598999023, "first_response": 9.835577964782715, "stt_time": 0.5628890991210938, "ttt_times": [2.4879705905914307, 6.984768629074097, 2.1493611335754395, 0.07553410530090332, 6.699562072753906e-05], "tts_times": [0.30847978591918945, 0.8000216484069824, 0.2007744312286377], "total_time": 13.624842405319214}