{"sending_time": 0.03294205665588379, "first_response": 5.905862808227539, "stt_time": 0.7242357730865479, "ttt_times": [3.4668452739715576, 2.0455076694488525, 2.633056402206421, 6.556510925292969e-05], "tts_times": [0.32762575149536133, 0.37924742698669434], "total_time": 9.643254518508911}