{"sending_time": 0.0016295909881591797, "first_response": 5.183117151260376, "stt_time": 0.4882187843322754, "ttt_times": [4.532726287841797, 5.3882598876953125e-05], "tts_times": [0.6470777988433838], "total_time": 5.671786308288574}