{"sending_time": 0.03216099739074707, "first_response": 7.242219924926758, "stt_time": 0.5033261775970459, "ttt_times": [1.1930491924285889, 2.165060520172119, 3.377551555633545, 1.0517520904541016, 8.0108642578125e-05], "tts_times": [0.44223666191101074, 0.4126286506652832], "total_time": 9.210553169250488}