{"sending_time": 0.027369260787963867, "first_response": 1.1690785884857178, "stt_time": 0.4320192337036133, "ttt_times": [0.8421223163604736, 5.435943603515625e-05], "tts_times": [0.27216339111328125], "total_time": 1.601306676864624}