{"sending_time": 0.02719593048095703, "first_response": 1.1472461223602295, "stt_time": 0.41367006301879883, "ttt_times": [0.7555177211761475, 0.06668233871459961, 7.772445678710938e-05], "tts_times": [0.27057647705078125], "total_time": 1.561126947402954}