{"sending_time": 0.027153730392456055, "first_response": 7.925026178359985, "stt_time": 0.42171549797058105, "ttt_times": [3.857048988342285, 2.0367276668548584, 1.3011808395385742, 0.08150768280029297, 6.365776062011719e-05], "tts_times": [0.6757612228393555, 0.17374444007873535], "total_time": 8.60246992111206}