{"sending_time": 0.02732706069946289, "first_response": 7.769445419311523, "stt_time": 0.6048715114593506, "ttt_times": [0.2596914768218994, 3.0722110271453857, 0.12967419624328613, 3.746744394302368, 3.344555377960205, 2.3189306259155273, 0.08327245712280273, 7.891654968261719e-05], "tts_times": [0.5064702033996582, 0.4462301731109619, 0.23534536361694336, 0.20621395111083984], "total_time": 15.009821891784668}