{"sending_time": 0.027048826217651367, "first_response": 16.02808976173401, "stt_time": 0.7075903415679932, "ttt_times": [7.361888647079468, 8.472164392471313, 4.801424741744995, 0.0035219192504882812], "tts_times": [0.1399390697479248, 0.8628866672515869, 0.39287328720092773], "total_time": 22.797109842300415}