{"sending_time": 0.02185678482055664, "first_response": 2.536900758743286, "stt_time": 0.42239928245544434, "ttt_times": [2.1846389770507812, 0.06970810890197754, 6.651878356933594e-05], "tts_times": [0.23877358436584473], "total_time": 2.9595086574554443}