{"sending_time": 0.027082443237304688, "first_response": 3.1926369667053223, "stt_time": 0.4001893997192383, "ttt_times": [2.631298303604126, 0.07635164260864258, 7.152557373046875e-05], "tts_times": [0.43075060844421387], "total_time": 3.5930590629577637}