{"sending_time": 0.037663936614990234, "first_response": 11.620351314544678, "stt_time": 0.9983012676239014, "ttt_times": [0.3260507583618164, 6.242946147918701, 4.129473447799683, 0.45317888259887695, 1.7392985820770264, 0.7310206890106201, 2.648773670196533, 3.4041433334350586, 2.981154441833496, 0.7414343357086182, 3.6681268215179443, 0.5984530448913574, 2.7518537044525146, 1.756239891052246, 2.1239054203033447, 0.0001232624053955078], "tts_times": [0.8465530872344971, 0.8059892654418945, 0.5964138507843018, 0.7865660190582275, 0.3403029441833496, 0.2124345302581787], "total_time": 38.9595844745636}