{"sending_time": 0.06900715827941895, "first_response": 3.6178126335144043, "stt_time": 0.4537677764892578, "ttt_times": [3.123821258544922, 7.033348083496094e-05], "tts_times": [0.35590672492980957], "total_time": 4.071820020675659}