{"sending_time": 0.02203655242919922, "first_response": 5.783123970031738, "stt_time": 0.521754264831543, "ttt_times": [1.960636854171753, 3.0335352420806885, 0.07108831405639648, 6.151199340820312e-05], "tts_times": [0.6737289428710938], "total_time": 6.305217742919922}