{"sending_time": 0.03272652626037598, "first_response": 7.0412163734436035, "stt_time": 0.41321635246276855, "ttt_times": [6.812860012054443, 7.271766662597656e-05], "tts_times": [0.16283059120178223], "total_time": 7.4546380043029785}