{"sending_time": 0.03777146339416504, "first_response": 0.4690432548522949, "stt_time": 0.3425331115722656, "ttt_times": [0.2387847900390625, 0.06819629669189453, 6.437301635742188e-05], "tts_times": [0.08645486831665039], "total_time": 0.8117828369140625}