{"sending_time": 0.022093534469604492, "first_response": 2.7808725833892822, "stt_time": 0.56661057472229, "ttt_times": [2.3710265159606934, 0.07234668731689453, 6.0558319091796875e-05], "tts_times": [0.29325175285339355], "total_time": 3.34810733795166}