{"sending_time": 0.027157068252563477, "first_response": 6.009020805358887, "stt_time": 0.3723735809326172, "ttt_times": [3.1903183460235596, 1.8043508529663086, 6.532669067382812e-05], "tts_times": [0.9599721431732178], "total_time": 6.381662130355835}