{"sending_time": 0.021939992904663086, "first_response": 1.4638214111328125, "stt_time": 0.36184263229370117, "ttt_times": [1.1151270866394043, 0.0702056884765625, 6.270408630371094e-05], "tts_times": [0.23454594612121582], "total_time": 1.8258788585662842}