{"sending_time": 0.021865367889404297, "first_response": 13.66380524635315, "stt_time": 0.8039391040802002, "ttt_times": [5.48698091506958, 7.658962965011597, 11.34499192237854, 0.00266265869140625], "tts_times": [0.47413063049316406, 0.5184452533721924, 0.5049986839294434], "total_time": 26.839662075042725}