{"sending_time": 0.02701711654663086, "first_response": 11.787187337875366, "stt_time": 0.4085659980773926, "ttt_times": [5.446300506591797, 6.1435158252716064, 2.2938175201416016, 6.19830322265625, 0.0014238357543945312], "tts_times": [0.14333677291870117, 0.5520505905151367, 0.21044468879699707, 0.4256620407104492], "total_time": 21.878430604934692}