{"sending_time": 0.03262066841125488, "first_response": 7.470959186553955, "stt_time": 0.5141816139221191, "ttt_times": [7.263593673706055, 6.771087646484375e-05], "tts_times": [0.14205646514892578], "total_time": 7.9853551387786865}