{"sending_time": 0.026972532272338867, "first_response": 13.125217199325562, "stt_time": 0.5723989009857178, "ttt_times": [6.903967380523682, 2.1201603412628174, 3.767188787460327, 1.6433696746826172, 0.10328483581542969, 0.00010204315185546875], "tts_times": [0.2799556255340576, 0.44794487953186035], "total_time": 15.892785549163818}