{"sending_time": 0.022146224975585938, "first_response": 8.09873342514038, "stt_time": 0.3838386535644531, "ttt_times": [6.1316282749176025, 1.6461594104766846, 6.985664367675781e-05], "tts_times": [0.2765834331512451], "total_time": 8.482738494873047}