{"sending_time": 0.011582136154174805, "first_response": 17.567081451416016, "stt_time": 0.4940497875213623, "ttt_times": [17.30880641937256, 0.08288717269897461, 7.843971252441406e-05], "tts_times": [0.1521451473236084], "total_time": 18.06145429611206}