{"sending_time": 0.021829843521118164, "first_response": 5.684788465499878, "stt_time": 0.7455291748046875, "ttt_times": [2.0605242252349854, 2.7823519706726074, 5.5789947509765625e-05], "tts_times": [0.7981967926025391], "total_time": 6.430712938308716}