{"sending_time": 0.03246736526489258, "first_response": 5.507619380950928, "stt_time": 1.5872702598571777, "ttt_times": [0.8931598663330078, 1.267869472503662, 1.1186575889587402, 1.3044273853302002, 6.651878356933594e-05], "tts_times": [0.8585038185119629], "total_time": 7.095168113708496}