{"sending_time": 0.04226565361022949, "first_response": 6.1682422161102295, "stt_time": 0.4454991817474365, "ttt_times": [2.4408252239227295, 3.3992581367492676, 2.2168588638305664, 2.4134883880615234, 6.365776062011719e-05], "tts_times": [0.24362754821777344, 0.2587912082672119, 0.3282310962677002], "total_time": 11.831731081008911}