{"sending_time": 0.016738414764404297, "first_response": 6.622328996658325, "stt_time": 0.43747591972351074, "ttt_times": [4.683399677276611, 1.2978994846343994, 0.0771634578704834, 5.936622619628906e-05], "tts_times": [0.6075530052185059, 0.15116286277770996], "total_time": 7.288582801818848}