{"sending_time": 0.02291584014892578, "first_response": 5.020378828048706, "stt_time": 1.3001484870910645, "ttt_times": [0.6837491989135742, 0.24743247032165527, 2.8873281478881836, 5.507469177246094e-05], "tts_times": [1.155982255935669], "total_time": 6.3207268714904785}