{"sending_time": 0.016693115234375, "first_response": 7.843719959259033, "stt_time": 0.7054944038391113, "ttt_times": [2.6887717247009277, 2.9867026805877686, 0.6703059673309326, 1.3337981700897217, 0.0770266056060791, 7.05718994140625e-05], "tts_times": [1.4645533561706543, 0.6145248413085938], "total_time": 10.57507848739624}