{"sending_time": 0.001734018325805664, "first_response": 9.507364273071289, "stt_time": 1.5387840270996094, "ttt_times": [0.9770412445068359, 8.381792545318604, 2.8321533203125, 3.1475160121917725, 6.91118049621582, 0.0020515918731689453], "tts_times": [0.14506244659423828, 0.9605653285980225, 0.5211679935455322, 0.3720111846923828], "total_time": 25.793730974197388}