{"sending_time": 0.0267333984375, "first_response": 11.990453243255615, "stt_time": 0.6064636707305908, "ttt_times": [0.4105243682861328, 2.821793556213379, 0.3089637756347656, 2.8186466693878174, 1.774322509765625, 3.0318503379821777, 4.538041830062866, 10.63631010055542, 0.00012350082397460938], "tts_times": [0.7708852291107178, 0.1889207363128662, 0.43358516693115234, 0.6081979274749756], "total_time": 29.0035080909729}