{"sending_time": 0.01178121566772461, "first_response": 0.6737527847290039, "stt_time": 0.4078495502471924, "ttt_times": [0.5594017505645752, 8.511543273925781e-05], "tts_times": [0.09070348739624023], "total_time": 1.0818214416503906}