{"sending_time": 0.021736860275268555, "first_response": 10.28946304321289, "stt_time": 0.48749709129333496, "ttt_times": [0.26066136360168457, 1.3210334777832031, 0.26988697052001953, 2.576408624649048, 2.369969367980957, 2.661343812942505, 2.690275192260742, 0.2771170139312744, 2.047792911529541, 3.0727291107177734, 0.2861766815185547, 3.217322826385498, 4.8246214389801025, 2.0413060188293457, 0.002012491226196289], "tts_times": [0.7866857051849365, 0.7196972370147705, 0.6407480239868164, 0.3024618625640869, 0.1849198341369629], "total_time": 31.08549427986145}