{"sending_time": 0.022771835327148438, "first_response": 5.17045259475708, "stt_time": 0.9364523887634277, "ttt_times": [1.818300485610962, 2.227903127670288, 0.06542301177978516, 6.365776062011719e-05], "tts_times": [1.013218641281128], "total_time": 6.107124090194702}