{"sending_time": 0.026798725128173828, "first_response": 11.405418395996094, "stt_time": 0.6066145896911621, "ttt_times": [6.650067090988159, 2.09309720993042, 1.9807398319244385, 4.9114227294921875e-05], "tts_times": [0.6278676986694336], "total_time": 12.012337446212769}