{"sending_time": 0.022658348083496094, "first_response": 0.4502277374267578, "stt_time": 1.309262990951538, "ttt_times": [0.24521446228027344, 0.07189321517944336, 7.224082946777344e-05], "tts_times": [0.08773112297058105], "total_time": 1.7597086429595947}