{"sending_time": 0.03231239318847656, "first_response": 3.3947043418884277, "stt_time": 0.4681220054626465, "ttt_times": [2.962752103805542, 6.151199340820312e-05], "tts_times": [0.3672659397125244], "total_time": 3.863062620162964}