{"sending_time": 0.02173590660095215, "first_response": 7.660244703292847, "stt_time": 0.4062209129333496, "ttt_times": [7.3718039989471436, 0.10308098793029785, 7.2479248046875e-05], "tts_times": [0.1418154239654541], "total_time": 8.066697835922241}