{"sending_time": 0.011635303497314453, "first_response": 0.7188799381256104, "stt_time": 0.3896596431732178, "ttt_times": [0.5756330490112305, 9.679794311523438e-05], "tts_times": [0.11987948417663574], "total_time": 1.1087441444396973}