{"sending_time": 0.016788959503173828, "first_response": 5.525197744369507, "stt_time": 0.37634801864624023, "ttt_times": [1.5429368019104004, 1.3278648853302002, 1.888209581375122, 0.0713341236114502, 6.413459777832031e-05], "tts_times": [0.661210298538208], "total_time": 5.901847839355469}