{"sending_time": 0.03721928596496582, "first_response": 3.863703966140747, "stt_time": 0.5079472064971924, "ttt_times": [3.413980722427368, 0.06676459312438965, 6.651878356933594e-05], "tts_times": [0.3084535598754883], "total_time": 4.371929168701172}