{"sending_time": 0.021693706512451172, "first_response": 0.6037819385528564, "stt_time": 0.36284637451171875, "ttt_times": [0.38654351234436035, 0.0877833366394043, 8.034706115722656e-05], "tts_times": [0.08598732948303223], "total_time": 0.9668667316436768}