{"sending_time": 0.03248023986816406, "first_response": 0.5507466793060303, "stt_time": 0.37134552001953125, "ttt_times": [0.4001138210296631, 7.724761962890625e-05], "tts_times": [0.08559513092041016], "total_time": 0.9223039150238037}