{"sending_time": 0.011746883392333984, "first_response": 6.682283878326416, "stt_time": 0.40221500396728516, "ttt_times": [0.23932671546936035, 2.195389986038208, 3.7795376777648926, 0.07526421546936035, 6.29425048828125e-05], "tts_times": [0.4445357322692871, 0.4316256046295166], "total_time": 7.591870307922363}