{"sending_time": 0.016921520233154297, "first_response": 0.7950048446655273, "stt_time": 0.3822760581970215, "ttt_times": [0.5574893951416016, 0.08967709541320801, 9.036064147949219e-05], "tts_times": [0.11390495300292969], "total_time": 1.1774842739105225}