{"sending_time": 0.02771282196044922, "first_response": 1.1689527034759521, "stt_time": 0.42906737327575684, "ttt_times": [0.749004602432251, 5.412101745605469e-05], "tts_times": [0.3644683361053467], "total_time": 1.5982427597045898}