{"sending_time": 0.02728438377380371, "first_response": 0.6755795478820801, "stt_time": 0.3991992473602295, "ttt_times": [0.5309319496154785, 8.58306884765625e-05], "tts_times": [0.08999300003051758], "total_time": 1.0749914646148682}