{"sending_time": 0.01687788963317871, "first_response": 14.963731288909912, "stt_time": 0.41575169563293457, "ttt_times": [3.3446638584136963, 11.2118079662323, 0.0018203258514404297], "tts_times": [0.3735036849975586, 0.6666111946105957], "total_time": 16.048333168029785}