{"sending_time": 0.027248382568359375, "first_response": 8.334527492523193, "stt_time": 0.7028243541717529, "ttt_times": [0.2643716335296631, 5.281667232513428, 2.088808536529541, 2.481309175491333, 7.390975952148438e-05], "tts_times": [0.6451833248138428, 0.41010212898254395], "total_time": 11.929365158081055}