{"sending_time": 0.022307395935058594, "first_response": 8.379920482635498, "stt_time": 0.5897455215454102, "ttt_times": [8.191795349121094, 8.106231689453125e-05], "tts_times": [0.14342927932739258], "total_time": 8.969858169555664}