{"sending_time": 0.027638912200927734, "first_response": 13.9868323802948, "stt_time": 0.47135210037231445, "ttt_times": [8.484459161758423, 3.267064332962036, 1.5207912921905518, 0.09116864204406738, 8.034706115722656e-05], "tts_times": [0.567990779876709], "total_time": 14.458492994308472}