{"sending_time": 0.03231644630432129, "first_response": 8.767902851104736, "stt_time": 0.3904917240142822, "ttt_times": [2.961787223815918, 4.955460071563721, 0.13077902793884277, 0.00010538101196289062], "tts_times": [0.6551382541656494], "total_time": 9.158891439437866}