{"sending_time": 0.026841402053833008, "first_response": 6.490473508834839, "stt_time": 0.3578038215637207, "ttt_times": [5.752581834793091, 0.07401490211486816, 5.8650970458984375e-05], "tts_times": [0.6101353168487549], "total_time": 6.848738431930542}