{"sending_time": 0.027316570281982422, "first_response": 9.872962236404419, "stt_time": 0.42919135093688965, "ttt_times": [9.60029149055481, 0.07530760765075684, 6.127357482910156e-05], "tts_times": [0.1426687240600586], "total_time": 10.302386045455933}