{"sending_time": 0.02685689926147461, "first_response": 3.934565305709839, "stt_time": 0.4650001525878906, "ttt_times": [3.4622297286987305, 6.0558319091796875e-05], "tts_times": [0.4185612201690674], "total_time": 4.399821996688843}