{"sending_time": 0.026877880096435547, "first_response": 1.6975233554840088, "stt_time": 0.3849294185638428, "ttt_times": [1.371561050415039, 0.07246756553649902, 6.771087646484375e-05], "tts_times": [0.19967126846313477], "total_time": 2.0826656818389893}