{"sending_time": 0.027811288833618164, "first_response": 1.7113995552062988, "stt_time": 0.8294367790222168, "ttt_times": [0.9544484615325928, 0.06718111038208008, 6.437301635742188e-05], "tts_times": [0.6340830326080322], "total_time": 2.54103422164917}