{"sending_time": 0.006844043731689453, "first_response": 7.192285060882568, "stt_time": 0.40346527099609375, "ttt_times": [6.1082234382629395, 0.7265615463256836, 0.07082319259643555, 5.7220458984375e-05], "tts_times": [0.2729315757751465], "total_time": 7.595966339111328}