{"sending_time": 0.03252363204956055, "first_response": 6.702974081039429, "stt_time": 0.9944524765014648, "ttt_times": [2.9869613647460938, 3.3134052753448486, 3.374750852584839, 0.07436633110046387, 7.462501525878906e-05], "tts_times": [0.33756017684936523, 0.29015207290649414, 0.26395702362060547], "total_time": 11.701239824295044}