{"sending_time": 0.02169013023376465, "first_response": 0.6127331256866455, "stt_time": 0.4161112308502197, "ttt_times": [0.3955802917480469, 0.08728742599487305, 8.273124694824219e-05], "tts_times": [0.08640241622924805], "total_time": 1.0290534496307373}