{"sending_time": 0.0015137195587158203, "first_response": 5.741443634033203, "stt_time": 1.9153969287872314, "ttt_times": [2.52321457862854, 2.4822750091552734, 6.389617919921875e-05], "tts_times": [0.7328627109527588], "total_time": 7.657102108001709}