{"sending_time": 0.01156759262084961, "first_response": 13.51366114616394, "stt_time": 0.5348916053771973, "ttt_times": [7.018006324768066, 1.291447639465332, 4.761414289474487, 10.394805669784546, 0.001995563507080078], "tts_times": [0.41965770721435547, 0.6443369388580322, 1.2010724544525146], "total_time": 26.291620016098022}