{"sending_time": 0.022291898727416992, "first_response": 1.2938575744628906, "stt_time": 0.37496423721313477, "ttt_times": [0.6299169063568115, 0.3887350559234619, 6.127357482910156e-05], "tts_times": [0.2305605411529541], "total_time": 1.6690239906311035}