{"sending_time": 0.03255462646484375, "first_response": 3.955012083053589, "stt_time": 0.3727071285247803, "ttt_times": [3.5883638858795166, 0.00010228157043457031], "tts_times": [0.3014366626739502], "total_time": 4.32794189453125}