{"sending_time": 0.026975393295288086, "first_response": 7.218281030654907, "stt_time": 0.653864860534668, "ttt_times": [0.2250967025756836, 3.354581832885742, 3.0464601516723633, 3.0349314212799072, 2.6203794479370117, 1.1386692523956299, 6.794929504394531e-05], "tts_times": [0.538191556930542, 0.24245953559875488, 0.338651180267334, 0.3963632583618164], "total_time": 15.644461870193481}