{"sending_time": 0.03187847137451172, "first_response": 14.192202806472778, "stt_time": 0.7471113204956055, "ttt_times": [5.689577341079712, 0.25502514839172363, 1.5820157527923584, 1.9308931827545166, 0.5141973495483398, 3.436744213104248, 0.4025235176086426, 2.110168933868408, 1.2457058429718018, 0.5208313465118408, 2.812056064605713, 0.5166101455688477, 8.156646251678467, 2.0338828563690186, 0.003033161163330078], "tts_times": [0.7199928760528564, 0.6643416881561279, 0.5199117660522461, 0.619232177734375, 0.2353353500366211], "total_time": 34.78081655502319}