{"sending_time": 0.027371644973754883, "first_response": 4.220130920410156, "stt_time": 0.5191679000854492, "ttt_times": [2.4187352657318115, 1.0986096858978271, 0.06793951988220215, 5.7697296142578125e-05], "tts_times": [0.5800454616546631], "total_time": 4.73957371711731}