{"sending_time": 0.027443885803222656, "first_response": 3.3700904846191406, "stt_time": 0.3958854675292969, "ttt_times": [0.2584059238433838, 1.3405561447143555, 1.289902925491333, 7.414817810058594e-05], "tts_times": [0.42626357078552246], "total_time": 3.7662389278411865}