{"sending_time": 0.0438077449798584, "first_response": 7.963537931442261, "stt_time": 0.3913290500640869, "ttt_times": [2.341014862060547, 4.897791385650635, 8.702278137207031e-05], "tts_times": [0.6370291709899902], "total_time": 8.355111122131348}