{"sending_time": 0.02729034423828125, "first_response": 0.9459998607635498, "stt_time": 0.3808164596557617, "ttt_times": [0.700127363204956, 6.151199340820312e-05], "tts_times": [0.19123029708862305], "total_time": 1.3270227909088135}