{"sending_time": 0.03710460662841797, "first_response": 7.349551200866699, "stt_time": 1.076728105545044, "ttt_times": [0.3979806900024414, 6.727104187011719, 3.3086793422698975, 0.29758453369140625, 8.54944896697998, 3.6655995845794678, 3.075922727584839, 2.7928833961486816, 8.273124694824219e-05], "tts_times": [0.15025711059570312, 0.6656019687652588, 0.37521862983703613, 0.3409433364868164, 0.13406753540039062, 0.3597238063812256], "total_time": 31.993445873260498}