{"sending_time": 0.03210783004760742, "first_response": 5.395920753479004, "stt_time": 0.40781641006469727, "ttt_times": [0.48750734329223633, 4.667145490646362, 0.9043741226196289, 3.0232176780700684, 5.555152893066406e-05], "tts_times": [0.17705225944519043, 0.44711875915527344, 0.355640172958374], "total_time": 10.534647941589355}