{"sending_time": 0.0018131732940673828, "first_response": 3.8004846572875977, "stt_time": 0.36695170402526855, "ttt_times": [0.7312829494476318, 1.9362330436706543, 0.379270076751709, 5.91278076171875e-05], "tts_times": [0.7500131130218506], "total_time": 4.167738199234009}