{"sending_time": 0.0276033878326416, "first_response": 7.518632650375366, "stt_time": 0.564847469329834, "ttt_times": [0.3544633388519287, 2.163217782974243, 4.635371923446655, 2.134774923324585, 1.0196139812469482, 3.4378695487976074, 1.3048441410064697, 0.86576247215271, 4.007020473480225, 0.7545721530914307, 4.579331398010254, 6.4209301471710205, 5.5357301235198975], "tts_times": [0.31037282943725586, 0.44376516342163086, 0.32564306259155273, 0.728290319442749, 0.4517500400543213, 0.4616994857788086, 0.513864278793335], "total_time": 41.07110953330994}