{"sending_time": 0.027459144592285156, "first_response": 4.085159778594971, "stt_time": 0.35526251792907715, "ttt_times": [1.697828769683838, 1.6763741970062256, 5.793571472167969e-05], "tts_times": [0.6559805870056152], "total_time": 4.440762281417847}