{"sending_time": 0.01713395118713379, "first_response": 14.491843938827515, "stt_time": 0.5133829116821289, "ttt_times": [3.956481456756592, 10.121703624725342, 0.13761091232299805, 13.247246742248535, 0.00041794776916503906], "tts_times": [0.3793909549713135, 0.7626662254333496, 0.10798096656799316, 0.8222732543945312], "total_time": 30.084702968597412}