{"sending_time": 0.02211451530456543, "first_response": 3.0774075984954834, "stt_time": 0.4615170955657959, "ttt_times": [1.266697883605957, 1.4907584190368652, 7.200241088867188e-05], "tts_times": [0.2756502628326416], "total_time": 3.539161205291748}