{"sending_time": 0.027256250381469727, "first_response": 9.706647634506226, "stt_time": 0.6028575897216797, "ttt_times": [1.7618303298950195, 1.3167359828948975, 3.095082998275757, 2.8212225437164307, 4.378794193267822, 2.685084581375122, 3.450237274169922, 1.6853289604187012, 3.430516004562378, 4.5999298095703125, 1.5021498203277588, 8.535385131835938e-05], "tts_times": [0.6572632789611816, 0.5276832580566406, 0.45605897903442383, 0.48470377922058105, 0.5979001522064209], "total_time": 34.10916590690613}