{"sending_time": 0.011677980422973633, "first_response": 2.6797590255737305, "stt_time": 0.37235188484191895, "ttt_times": [0.9208104610443115, 1.4419612884521484, 6.890296936035156e-05], "tts_times": [0.2935624122619629], "total_time": 3.052332639694214}