{"sending_time": 0.03760647773742676, "first_response": 2.8764803409576416, "stt_time": 0.3553957939147949, "ttt_times": [0.2610321044921875, 0.39533424377441406, 1.8050711154937744, 7.963180541992188e-05], "tts_times": [0.3397502899169922], "total_time": 3.2320828437805176}