{"sending_time": 0.03697061538696289, "first_response": 4.12828516960144, "stt_time": 0.42221760749816895, "ttt_times": [3.5675365924835205, 8.821487426757812e-05], "tts_times": [0.48671913146972656], "total_time": 4.550743818283081}