{"sending_time": 0.026719093322753906, "first_response": 6.069707870483398, "stt_time": 0.5808322429656982, "ttt_times": [1.2474937438964844, 4.415963411331177, 0.0737614631652832, 6.771087646484375e-05], "tts_times": [0.3528125286102295, 0.39273595809936523], "total_time": 7.117441415786743}