{"sending_time": 0.027105093002319336, "first_response": 1.491370439529419, "stt_time": 0.6849124431610107, "ttt_times": [0.9365639686584473, 0.0684974193572998, 6.723403930664062e-05], "tts_times": [0.43203163146972656], "total_time": 2.176501989364624}