{"sending_time": 0.011594772338867188, "first_response": 2.4570748805999756, "stt_time": 0.7168002128601074, "ttt_times": [2.096635580062866, 5.793571472167969e-05], "tts_times": [0.3371918201446533], "total_time": 3.174089193344116}