{"sending_time": 0.027016162872314453, "first_response": 15.587999820709229, "stt_time": 0.469165563583374, "ttt_times": [6.133802175521851, 8.948685646057129, 0.0022368431091308594], "tts_times": [0.4514796733856201, 0.5942621231079102], "total_time": 16.6544349193573}