{"sending_time": 0.021959781646728516, "first_response": 9.231762409210205, "stt_time": 0.9206922054290771, "ttt_times": [1.3995749950408936, 0.25548434257507324, 0.521399736404419, 1.8683815002441406, 1.6020731925964355, 2.193974256515503, 4.121979713439941, 3.827241897583008, 2.6107587814331055, 3.9729714393615723, 4.727732419967651, 2.317476749420166, 0.00011801719665527344], "tts_times": [1.3469548225402832, 0.22829174995422363, 0.5741391181945801, 0.34393858909606934, 0.32935667037963867, 0.47649574279785156, 0.46643924713134766, 0.28369975090026855], "total_time": 34.43461513519287}