{"sending_time": 0.0376129150390625, "first_response": 2.4329357147216797, "stt_time": 0.36722445487976074, "ttt_times": [1.8523752689361572, 0.07718300819396973, 5.602836608886719e-05], "tts_times": [0.42809557914733887], "total_time": 2.800374984741211}