{"sending_time": 0.04738736152648926, 
"first_response": 6.666166543960571,
"stt_time": 0.4205925464630127,
"ttt_times": [1.188542366027832, 0.2386627197265625, 0.6352217197418213, 1.3872320652008057, 2.4204297065734863, 0.645374059677124, 2.1936111450195312, 2.8751394748687744, 0.13919305801391602, 2.3257837295532227, 2.298975944519043, 0.6868338584899902, 1.5827016830444336, 1.870471715927124, 0.08359503746032715, 8.225440979003906e-05], 
"tts_times": [0.701303243637085, 0.6707901954650879, 0.3479292392730713, 0.430633544921875, 0.22101640701293945], 
"total_time": 23.4599449634552}