{"sending_time": 0.026767969131469727, 
"first_response": 9.389997005462646, 
"stt_time": 0.3414623737335205, 
"ttt_times": [0.3578836917877197, 0.5095083713531494, 1.343825101852417, 7.17877984046936, 1.9886188507080078, 2.5226943492889404, 1.9233899116516113, 1.0081579685211182, 4.76837158203125e-05], "tts_times": [0.46011781692504883, 0.7139203548431396, 0.41953182220458984, 0.31819844245910645], 
"total_time": 19.113669395446777}