{"sending_time": 0.006598472595214844, "first_response": 2.908512592315674, "stt_time": 0.45269203186035156, "ttt_times": [0.6332120895385742, 1.0465142726898193, 0.8648359775543213, 6.008148193359375e-05], "tts_times": [0.3506932258605957], "total_time": 3.3614068031311035}