{"sending_time": 0.0753641128540039, "first_response": 11.14384126663208, "stt_time": 0.3708634376525879, "ttt_times": [2.9395320415496826, 8.204309225082397, 5.321152925491333, 0.08604812622070312], "tts_times": [0.35199570655822754, 0.9623057842254639, 0.4643421173095703], "total_time": 18.776613235473633}