{"sending_time": 0.036923885345458984, 
"first_response": 2.638754367828369, 
"stt_time": 0.3710808753967285, 
"ttt_times": [1.1625070571899414, 1.0491926670074463, 5.173683166503906e-05], 
"tts_times": [0.35315513610839844], 
"total_time": 3.0099780559539795}