{"sending_time": 0.0374608039855957, "first_response": 7.063810110092163, "stt_time": 0.4622797966003418, "ttt_times": [1.272813320159912, 1.0299692153930664, 1.847395658493042, 0.37767815589904785, 1.7094321250915527, 2.917175769805908, 2.5445380210876465, 0.2851521968841553, 2.336001396179199, 0.6631975173950195, 0.5368945598602295, 1.8989543914794922, 0.4074733257293701, 4.216800928115845, 0.07708382606506348, 0.00015473365783691406], "tts_times": [0.7516000270843506, 0.5550220012664795, 0.5778272151947021, 0.394256591796875, 0.38111352920532227], "total_time": 25.318864583969116}