{"sending_time": 0.006102561950683594, "first_response": 10.620472431182861, "stt_time": 0.43825268745422363, "ttt_times": [0.24950647354125977, 1.9327292442321777, 0.7060842514038086, 1.4153831005096436, 2.081958293914795, 2.774035930633545, 0.0036628246307373047], "tts_times": [1.4485700130462646, 0.37172818183898926], "total_time": 11.434643745422363}