{"sending_time": 0.0426938533782959, "first_response": 0.9282288551330566, "stt_time": 0.5010688304901123, "ttt_times": [0.6662497520446777, 8.869171142578125e-05], "tts_times": [0.17650270462036133], "total_time": 1.4295341968536377}