{"sending_time": 0.03684067726135254, "first_response": 8.158682107925415, "stt_time": 0.37531185150146484, "ttt_times": [1.2153127193450928, 0.7308738231658936, 0.2373793125152588, 0.37043094635009766, 2.0227999687194824, 2.819551944732666, 0.5273427963256836, 1.819094181060791, 3.0047214031219482, 0.7723817825317383, 2.1660115718841553, 0.6463534832000732, 1.9255597591400146, 3.0927364826202393, 0.0811624526977539, 0.00010895729064941406], "tts_times": [0.6886520385742188, 0.37499332427978516, 0.582150936126709, 0.3811776638031006, 0.15434479713439941, 0.34340381622314453], "total_time": 24.406622886657715}