{"sending_time": 0.016225099563598633, 
"first_response": 1.9444494247436523, 
"stt_time": 0.5996689796447754, 
"ttt_times": [0.3812601566314697, 1.563141107559204, 4.8160552978515625e-05], 
"tts_times": [0.7124459743499756], 
"total_time": 3.2729413509368896}