{"sending_time": 0.037183523178100586, "first_response": 12.310783863067627, "stt_time": 0.46958303451538086, "ttt_times": [0.49503064155578613, 1.0198075771331787, 0.2458665370941162, 1.8433043956756592, 0.6673965454101562, 1.309218168258667, 1.9949207305908203, 2.9128592014312744, 0.07981634140014648, 6.794929504394531e-05], "tts_times": [1.7480130195617676, 0.2920048236846924], "total_time": 13.152881860733032}