{"sending_time": 0.03716635704040527, "first_response": 2.660203218460083, "stt_time": 0.7033951282501221, "ttt_times": [0.39479708671569824, 0.7409813404083252, 0.4965169429779053, 0.06785988807678223, 5.602836608886719e-05], "tts_times": [0.8856592178344727], "total_time": 3.363953113555908}