{"sending_time": 0.0418698787689209, "first_response": 2.965052604675293, "stt_time": 0.8981366157531738, "ttt_times": [2.9649975299835205, 5.507469177246094e-05], "tts_times": [0.969085693359375], "total_time": 4.874309539794922}