{"sending_time": 0.027005672454833984, "first_response": 2.3942136764526367, "stt_time": 0.7680835723876953, "ttt_times": [1.1199419498443604, 0.5148153305053711, 0.06813693046569824, 5.054473876953125e-05], "tts_times": [0.6372575759887695], "total_time": 3.1625115871429443}