{"sending_time": 0.04226398468017578, "first_response": 2.7397894859313965, "stt_time": 1.4374654293060303, "ttt_times": [0.4469265937805176, 0.5698869228363037, 0.5456254482269287, 6.198883056640625e-05], "tts_times": [1.0927605628967285], "total_time": 4.177459239959717}