{"sending_time": 0.03686189651489258, 
"first_response": 2.8930017948150635, 
"stt_time": 0.8364264965057373, 
"ttt_times": [0.44020676612854004, 1.4338157176971436, 3.910064697265625e-05], 
"tts_times": [0.9452164173126221], 
"total_time": 3.729581356048584}