{"sending_time": 0.001306772232055664, 
"first_response": 2.699429988861084, 
"stt_time": 0.33574938774108887, 
"ttt_times": [2.3201417922973633, 0.07523059844970703], 
"tts_times": [0.30144405364990234], 
"total_time": 3.0353260040283203}