{"sending_time": 0.042368412017822266, "first_response": 7.9417219161987305, "stt_time": 0.40229129791259766, "ttt_times": [1.021047592163086, 1.136751651763916, 1.7703661918640137, 1.277831792831421, 1.8018436431884766, 1.4038093090057373, 5.106535196304321, 1.9951364994049072, 1.0393626689910889, 3.44769549369812, 1.4202022552490234, 5.6743621826171875e-05], "tts_times": [0.8491442203521729, 0.44315409660339355, 0.4963948726654053, 0.2366044521331787, 0.6022124290466309], "total_time": 24.536590814590454}