{"sending_time": 0.0470731258392334, "first_response": 2.349414110183716, "stt_time": 0.615807294845581, "ttt_times": [1.0567641258239746, 0.47494053840637207, 0.06520700454711914, 4.315376281738281e-05], "tts_times": [0.6583130359649658], "total_time": 2.9653773307800293}