{"sending_time": 0.03685951232910156, "first_response": 1.5628926753997803, "stt_time": 0.8349792957305908, "ttt_times": [0.8376033306121826, 5.53131103515625e-05], "tts_times": [0.651515007019043], "total_time": 2.3980321884155273}