{"sending_time": 0.04226422309875488, "first_response": 3.1545348167419434, "stt_time": 0.37836551666259766, "ttt_times": [1.4378223419189453, 1.1559126377105713, 0.1168220043182373, 6.771087646484375e-05], "tts_times": [0.35938167572021484], "total_time": 3.5330867767333984}