{"sending_time": 0.04745888710021973, "first_response": 9.24254584312439, "stt_time": 0.41243958473205566, "ttt_times": [0.4709439277648926, 2.856060266494751, 5.157811403274536, 2.115483283996582, 0.9306869506835938, 0.8903415203094482, 0.07094907760620117, 9.655952453613281e-05], "tts_times": [0.6628124713897705, 0.7123134136199951, 0.589810848236084], "total_time": 14.96570634841919}