{"sending_time": 0.03664970397949219, "first_response": 6.362337350845337, "stt_time": 0.3634626865386963, "ttt_times": [1.2388992309570312, 1.8476712703704834, 1.5702621936798096, 1.7055046558380127, 2.7631638050079346, 9.009431838989258, 0.09098386764526367], "tts_times": [0.5792214870452881, 0.5373556613922119, 0.9197931289672852], "total_time": 20.66326665878296}