{"sending_time": 0.048239946365356445, "first_response": 2.0013601779937744, "stt_time": 0.7295246124267578, "ttt_times": [1.2912681102752686, 6.461143493652344e-05], "tts_times": [0.6135475635528564], "total_time": 2.731081247329712}