{"sending_time": 0.026408672332763672, "first_response": 6.349081039428711, "stt_time": 0.4193539619445801, "ttt_times": [2.691373109817505, 0.4869534969329834, 1.6254990100860596, 1.545255422592163, 0.12820100784301758, 0.2615242004394531, 1.6216790676116943, 0.988358736038208, 0.5154783725738525, 1.5651016235351562, 1.9588842391967773, 0.12521791458129883, 0.38795995712280273, 2.0512402057647705, 1.3302850723266602, 0.12882542610168457, 0.263521671295166, 3.8608124256134033, 0.5559463500976562, 3.572901725769043, 4.903459548950195, 0.0011603832244873047], "tts_times": [0.7816946506500244, 0.6822247505187988, 0.5250861644744873, 0.47131919860839844, 0.5039458274841309, 0.29465818405151367, 0.3073141574859619], "total_time": 34.58362317085266}