{"sending_time": 0.026705265045166016, "first_response": 2.906440019607544, "stt_time": 0.6344575881958008, "ttt_times": [0.48830318450927734, 0.7904367446899414, 0.5680279731750488, 0.0776212215423584, 6.437301635742188e-05], "tts_times": [0.9285759925842285], "total_time": 3.5411133766174316}