{"sending_time": 0.03753376007080078, "first_response": 3.2151336669921875, "stt_time": 0.41062235832214355, "ttt_times": [0.4831361770629883, 2.0906314849853516, 0.06464099884033203, 6.0558319091796875e-05], "tts_times": [0.5015969276428223], "total_time": 3.625943183898926}