{"sending_time": 0.04204535484313965, "first_response": 7.343876600265503, "stt_time": 0.4359452724456787, "ttt_times": [2.5547358989715576, 0.5699126720428467, 1.58400297164917, 0.1413872241973877, 2.493837833404541, 0.8688409328460693, 1.108400583267212, 0.5851864814758301, 1.453111171722412, 0.6054506301879883, 3.056405782699585, 0.16228103637695312, 2.3290772438049316, 0.5695102214813232, 2.495224714279175, 0.18433451652526855, 1.9056568145751953, 0.15856432914733887, 4.167135953903198, 0.0009570121765136719], "tts_times": [0.5543532371520996, 0.8765521049499512, 0.7066349983215332, 0.6126797199249268, 0.3164830207824707, 0.4349100589752197], "total_time": 30.975014686584473}