{"sending_time": 0.022382259368896484, "first_response": 1.8097727298736572, "stt_time": 0.41525983810424805, "ttt_times": [0.7601706981658936, 0.7477426528930664, 5.793571472167969e-05], "tts_times": [0.2570369243621826], "total_time": 2.2252357006073}